emotion_label	emotion_clause	cause_clause
['ANGER', 'SADNESS']	['249', '257', '249', '257']	['261', '263', '261', '263']
['SADNESS', 'DISGUST', 'DISGUST', 'OTHER']	['139', '147', '162', '173', '209', '215', '209', '215']	['148', '153', '174', '180', '216', '234', '216', '234']
['JOY', 'TRUST', 'SADNESS']	['157', '162', '157', '162', '227', '234']	['163', '166', '163', '166', '241', '369']
['SADNESS']	['120', '129']	['133', '157']
['OTHER']	['182', '188']	['190', '243']
['DISGUST']	['160', '168']	['149', '151']
['DISGUST']	['322', '329']	['330', '346']
['JOY', 'JOY', 'OTHER']	['329', '332', '297', '303', '297', '303']	['93', '259', '93', '259', '235', '259']
['SURPRISE']	['368', '380']	['440', '472']
['SURPRISE', 'OTHER']	['210', '221', '210', '221']	['248', '308', '228', '241']
['OTHER']	['71', '80']	['108', '109']
['TRUST', 'JOY', 'JOY', 'TRUST', 'JOY']	['121', '126', '121', '126', '232', '235', '262', '268', '262', '268']	['130', '146', '130', '146', '130', '146', '278', '309', '278', '309']
['DISGUST', 'JOY', 'TRUST']	['147', '154', '229', '235', '205', '212']	['155', '167', '155', '167', '155', '167']
['FEAR']	['252', '256']	['257', '364']
['TRUST', 'TRUST', 'TRUST', 'ANGER']	['108', '112', '113', '129', '137', '141', '160', '168']	['113', '129', '113', '115', '148', '207', '172', '182']
['FEAR', 'SADNESS', 'OTHER', 'OTHER', 'FEAR', 'OTHER', 'OTHER', 'SADNESS']	['126', '134', '150', '157', '150', '157', '150', '157', '150', '157', '126', '134', '126', '134', '126', '134']	['87', '88', '114', '125', '114', '125', '114', '125', '114', '125', '114', '125', '114', '125', '114', '125']
['SURPRISE', 'SADNESS', 'OTHER', 'ANGER']	['130', '145', '130', '134', '130', '134', '138', '145']	['146', '155', '146', '155', '146', '155', '146', '155']
['DISGUST', 'TRUST']	['72', '78', '109', '119']	['99', '124', '79', '83']
['DISGUST']	['108', '114']	['115', '119']
['DISGUST', 'DISGUST', 'OTHER', 'OTHER', 'OTHER']	['129', '143', '105', '114', '105', '114', '129', '143', '206', '219']	['44', '99', '44', '99', '226', '279', '226', '279', '226', '279']
['OTHER', 'OTHER']	['289', '297', '236', '243']	['97', '123', '97', '123']
['OTHER']	['114', '122']	['78', '96']
['ANTICIPATION']	['118', '122']	['126', '141']
['OTHER', 'ANGER']	['82', '100', '128', '135']	['1', '47', '55', '100']
['DISGUST', 'OTHER']	['56', '72', '56', '72']	['50', '52', '92', '126']
['OTHER', 'ANTICIPATION']	['114', '126', '268', '272']	['45', '80', '183', '227']
['FEAR', 'ANGER']	['115', '119', '188', '195']	['120', '160', '231', '262']
['DISGUST']	['38', '46']	['15', '18']
['DISGUST']	['110', '134']	['84', '99']
['FEAR', 'OTHER']	['67', '73', '67', '73']	['74', '124', '74', '124']
['FEAR', 'OTHER']	['71', '81', '71', '81']	['12', '62', '12', '62']
['ANGER']	['56', '60']	['47', '49']
['FEAR']	['82', '88']	['156', '196']
['FEAR']	['70', '76']	['94', '137']
['FEAR', 'TRUST']	['98', '104', '139', '146']	['129', '196', '108', '111']
['SADNESS']	['201', '210']	['188', '214']
['TRUST']	['247', '252']	['270', '292']
['TRUST', 'OTHER']	['97', '130', '157', '175']	['157', '175', '106', '109']
['SURPRISE']	['269', '278']	['264', '268']
['TRUST']	['79', '90']	['94', '96']
['ANTICIPATION']	['97', '101']	['74', '93']
['SADNESS']	['165', '169']	['41', '136']
['SADNESS']	['301', '307']	['186', '192']
['DISGUST']	['89', '94']	['98', '109']
['SADNESS']	['187', '206']	['198', '316']
['JOY', 'OTHER']	['25', '31', '80', '90']	['32', '62', '91', '102']
['JOY', 'TRUST', 'SADNESS']	['54', '68', '54', '62', '87', '93']	['102', '144', '102', '144', '102', '144']
['ANTICIPATION']	['215', '220']	['221', '250']
['SADNESS', 'JOY']	['129', '195', '212', '218']	['50', '79', '219', '263']
['DISGUST', 'SADNESS', 'SADNESS', 'SADNESS', 'OTHER', 'OTHER']	['94', '103', '94', '103', '179', '185', '156', '159', '179', '185', '156', '159']	['112', '131', '112', '131', '112', '131', '112', '131', '133', '135', '133', '135']
['ANGER']	['62', '71']	['56', '57']
['ANTICIPATION']	['39', '44']	['45', '58']
['ANTICIPATION']	['153', '158']	['149', '161']
['SURPRISE', 'OTHER']	['47', '56', '47', '56']	['35', '39', '35', '39']
['OTHER']	['179', '187']	['153', '168']
['SURPRISE']	['35', '43']	['52', '76']
['SURPRISE', 'JOY']	['167', '177', '189', '201']	['160', '162', '214', '232']
['ANTICIPATION', 'SURPRISE']	['115', '119', '144', '152']	['123', '138', '153', '174']
['ANTICIPATION']	['63', '68']	['69', '85']
['SURPRISE', 'OTHER']	['261', '270', '261', '270']	['66', '206', '274', '276']
['ANTICIPATION', 'ANTICIPATION']	['43', '49', '57', '62']	['50', '82', '63', '82']
['ANGER', 'SURPRISE', 'ANTICIPATION']	['53', '123', '55', '81', '55', '81']	['145', '208', '145', '208', '145', '208']
['ANTICIPATION', 'FEAR']	['110', '117', '181', '190']	['124', '144', '237', '278']
['SURPRISE']	['76', '82']	['1', '54']
['ANTICIPATION', 'TRUST']	['305', '333', '315', '322']	['239', '245', '287', '295']
['SURPRISE']	['200', '206']	['207', '290']
['SURPRISE', 'TRUST']	['49', '55', '56', '66']	['72', '92', '72', '92']
['OTHER', 'SURPRISE']	['44', '50', '44', '50']	['31', '33', '51', '59']
['SURPRISE']	['80', '88']	['0', '70']
['ANGER']	['247', '255']	['174', '191']
['TRUST', 'OTHER']	['38', '48', '131', '140']	['49', '51', '85', '129']
['SADNESS']	['124', '130']	['131', '133']
['OTHER', 'OTHER']	['97', '108', '153', '169']	['120', '124', '120', '124']
['OTHER', 'FEAR', 'ANTICIPATION']	['139', '155', '272', '286', '272', '281']	['166', '174', '290', '329', '290', '329']
['TRUST']	['165', '175']	['110', '132']
['JOY']	['197', '205']	['245', '287']
['SADNESS']	['39', '53']	['59', '95']
['SURPRISE']	['66', '76']	['77', '102']
['JOY', 'SURPRISE', 'OTHER', 'OTHER']	['17', '26', '17', '26', '17', '26', '17', '26']	['12', '14', '12', '14', '27', '31', '27', '31']
['JOY']	['60', '64']	['73', '76']
['ANTICIPATION']	['86', '90']	['91', '124']
['JOY']	['117', '148']	['143', '148']
['OTHER']	['148', '154']	['55', '117']
['OTHER']	['144', '163']	['157', '163']
['OTHER']	['131', '135']	['108', '115']
['JOY', 'JOY']	['71', '78', '139', '146']	['95', '121', '147', '180']
['JOY']	['60', '67']	['68', '85']
['JOY', 'OTHER', 'OTHER', 'OTHER', 'JOY']	['41', '48', '41', '48', '53', '61', '80', '86', '80', '86']	['69', '121', '69', '73', '69', '121', '69', '73', '69', '121']
['JOY']	['104', '111']	['117', '142']
['JOY']	['150', '153']	['90', '94']
['OTHER', 'JOY']	['125', '134', '125', '134']	['140', '153', '140', '153']
['TRUST', 'JOY']	['166', '184', '238', '245']	['195', '224', '249', '278']
['OTHER']	['401', '411']	['415', '430']
['OTHER']	['94', '103']	['85', '87']
['OTHER']	['90', '95']	['118', '129']
['OTHER', 'OTHER']	['133', '138', '58', '106']	['32', '43', '32', '43']
['OTHER']	['55', '60']	['74', '95']
['JOY']	['91', '96']	['149', '207']
['JOY', 'OTHER', 'TRUST', 'OTHER']	['155', '162', '155', '162', '155', '162', '155', '162']	['168', '192', '168', '192', '168', '192', '168', '192']
['ANTICIPATION']	['113', '117']	['118', '135']
['JOY', 'OTHER', 'TRUST']	['77', '86', '54', '59', '54', '59']	['39', '50', '39', '50', '39', '50']
['JOY']	['99', '108']	['40', '79']
['TRUST']	['141', '156']	['66', '139']
['TRUST', 'OTHER', 'OTHER']	['98', '103', '98', '103', '112', '121']	['104', '142', '104', '142', '104', '106']
['OTHER']	['108', '112']	['116', '126']
['TRUST', 'FEAR']	['247', '252', '275', '279']	['253', '288', '280', '289']
['JOY']	['117', '122']	['169', '215']
['OTHER', 'OTHER', 'JOY', 'JOY', 'OTHER']	['208', '216', '154', '162', '154', '162', '128', '137', '128', '137']	['95', '108', '95', '108', '95', '108', '95', '108', '95', '108']
['JOY']	['55', '68']	['55', '148']
['JOY']	['55', '59']	['76', '82']
['TRUST', 'ANTICIPATION', 'JOY']	['294', '302', '335', '339', '354', '361']	['306', '329', '346', '423', '369', '395']
['DISGUST']	['136', '189']	['72', '76']
['ANTICIPATION', 'JOY', 'JOY']	['264', '271', '264', '271', '287', '298']	['272', '313', '287', '298', '272', '313']
['JOY', 'OTHER', 'TRUST', 'OTHER']	['200', '209', '200', '209', '239', '242', '239', '242']	['185', '190', '185', '190', '247', '282', '247', '282']
['TRUST', 'JOY']	['174', '178', '174', '178']	['141', '156', '217', '347']
['TRUST', 'OTHER', 'OTHER']	['106', '114', '128', '164', '141', '176']	['116', '281', '116', '118', '116', '281']
['JOY']	['112', '120']	['79', '87']
['JOY', 'OTHER']	['59', '68', '59', '68']	['69', '74', '69', '74']
['OTHER']	['73', '78']	['1', '44']
['OTHER', 'JOY', 'JOY', 'OTHER']	['25', '30', '25', '30', '85', '90', '85', '90']	['97', '218', '43', '50', '43', '50', '97', '218']
['JOY', 'OTHER', 'TRUST', 'TRUST']	['98', '113', '98', '113', '341', '349', '164', '169']	['130', '154', '114', '118', '143', '146', '143', '146']
['TRUST']	['117', '126']	['133', '135']
['TRUST', 'OTHER', 'OTHER']	['68', '90', '186', '191', '196', '203']	['60', '63', '224', '241', '224', '241']
['JOY']	['164', '169']	['86', '88']
['FEAR', 'SURPRISE']	['193', '203', '193', '203']	['210', '326', '210', '326']
['DISGUST', 'SADNESS']	['182', '188', '182', '188']	['151', '160', '151', '160']
['OTHER']	['157', '164']	['165', '168']
['ANGER', 'OTHER']	['66', '74', '102', '110']	['26', '31', '88', '94']
['OTHER']	['70', '82']	['86', '89']
['JOY']	['33', '41']	['22', '29']
['OTHER', 'SURPRISE']	['67', '76', '67', '76']	['18', '65', '18', '65']
['JOY', 'OTHER']	['107', '116', '107', '116']	['90', '97', '90', '97']
['JOY', 'OTHER']	['174', '183', '174', '183']	['158', '163', '158', '199']
['JOY', 'OTHER']	['243', '248', '243', '248']	['249', '259', '249', '259']
['OTHER', 'JOY']	['315', '319', '315', '319']	['292', '304', '292', '304']
['JOY', 'OTHER']	['111', '118', '111', '118']	['78', '97', '78', '97']
['OTHER', 'FEAR']	['75', '85', '75', '85']	['146', '183', '146', '183']
['ANGER', 'JOY']	['199', '205', '234', '238']	['260', '269', '260', '269']
['JOY']	['157', '161']	['162', '165']
['TRUST', 'OTHER']	['84', '92', '107', '111']	['93', '148', '137', '140']
['DISGUST', 'ANGER', 'DISGUST', 'OTHER', 'DISGUST']	['163', '168', '312', '321', '228', '236', '335', '342', '411', '419']	['172', '223', '215', '223', '215', '223', '427', '431', '427', '431']
['SURPRISE', 'SURPRISE']	['38', '57', '43', '57']	['59', '71', '59', '71']
['JOY', 'ANGER', 'ANGER']	['93', '97', '167', '174', '150', '156']	['98', '122', '98', '122', '98', '122']
['DISGUST']	['105', '111']	['143', '190']
['DISGUST']	['188', '192']	['71', '149']
['ANGER', 'FEAR']	['204', '208', '267', '272']	['225', '257', '225', '257']
['ANGER', 'SADNESS', 'ANGER']	['268', '294', '246', '253', '309', '316']	['236', '253', '265', '295', '255', '259']
['ANGER']	['66', '82']	['86', '97']
['ANGER']	['72', '84']	['88', '109']
['JOY', 'OTHER']	['49', '53', '49', '53']	['26', '28', '26', '28']
['OTHER', 'JOY']	['260', '265', '260', '265']	['313', '520', '269', '289']
['OTHER', 'JOY']	['501', '509', '501', '509']	['589', '648', '510', '513']
['OTHER']	['326', '334']	['285', '303']
['ANTICIPATION']	['181', '191']	['218', '231']
['TRUST']	['94', '101']	['102', '152']
['JOY']	['84', '94']	['148', '293']
['SADNESS']	['29', '33']	['39', '64']
['ANGER', 'OTHER']	['62', '71', '78', '85']	['72', '108', '72', '108']
['JOY', 'OTHER']	['212', '219', '114', '118']	['43', '44', '140', '219']
['ANTICIPATION']	['111', '115']	['128', '142']
['OTHER', 'OTHER']	['46', '53', '46', '53']	['57', '73', '57', '73']
['DISGUST']	['350', '361']	['362', '398']
['DISGUST', 'OTHER']	['52', '60', '52', '60']	['38', '40', '38', '65']
['JOY']	['55', '60']	['1', '24']
['ANGER']	['364', '372']	['303', '325']
['ANTICIPATION', 'SADNESS']	['234', '242', '343', '347']	['244', '347', '262', '270']
['OTHER', 'FEAR', 'FEAR']	['125', '132', '125', '132', '133', '145']	['107', '117', '133', '145', '152', '155']
['JOY', 'FEAR', 'OTHER']	['375', '387', '433', '439', '433', '439']	['404', '415', '440', '475', '462', '475']
['FEAR', 'TRUST']	['58', '69', '101', '106']	['45', '57', '113', '161']
['OTHER', 'FEAR']	['55', '69', '90', '105']	['78', '81', '117', '154']
['TRUST']	['74', '81']	['82', '93']
['TRUST', 'FEAR']	['179', '186', '179', '254']	['187', '254', '192', '199']
['OTHER']	['294', '303']	['277', '286']
['FEAR']	['146', '152']	['153', '181']
['JOY', 'OTHER']	['247', '258', '247', '258']	['244', '246', '276', '323']
['DISGUST', 'OTHER']	['153', '160', '153', '160']	['176', '184', '176', '184']
['JOY', 'TRUST']	['27', '33', '51', '55']	['39', '41', '34', '38']
['DISGUST']	['204', '211']	['215', '247']
['ANTICIPATION']	['154', '162']	['129', '143']
['JOY', 'ANTICIPATION']	['203', '211', '203', '211']	['169', '182', '169', '182']
['FEAR', 'ANTICIPATION', 'JOY', 'ANGER']	['109', '134', '337', '341', '270', '276', '337', '341']	['100', '102', '109', '112', '136', '139', '196', '276']
['OTHER', 'ANGER']	['29', '39', '29', '39']	['94', '211', '45', '48']
['FEAR']	['422', '429']	['435', '477']
['TRUST']	['193', '199']	['162', '191']
['OTHER']	['12', '19']	['20', '45']
['OTHER']	['97', '102']	['26', '40']
['SADNESS', 'SADNESS']	['201', '205', '215', '219']	['230', '259', '230', '259']
['SADNESS']	['54', '58']	['0', '34']
['SADNESS', 'SADNESS']	['348', '354', '301', '313']	['95', '127', '95', '127']
['SADNESS', 'ANTICIPATION']	['235', '241', '311', '322']	['242', '269', '323', '353']
['TRUST']	['70', '81']	['66', '69']
['OTHER']	['16', '36']	['13', '15']
['SURPRISE', 'SURPRISE']	['13', '18', '149', '187']	['74', '85', '74', '85']
['OTHER']	['119', '124']	['67', '93']
['OTHER', 'ANGER', 'ANGER']	['194', '203', '226', '237', '337', '344']	['207', '220', '241', '273', '316', '331']
['ANGER', 'OTHER']	['159', '184', '159', '184']	['1', '49', '104', '107']
['OTHER']	['148', '157']	['173', '196']
['OTHER']	['92', '99']	['103', '138']
['OTHER']	['53', '73']	['36', '38']
['TRUST']	['219', '225']	['148', '185']
['OTHER', 'DISGUST']	['444', '489', '444', '489']	['0', '246', '423', '431']
['OTHER', 'SADNESS']	['77', '93', '77', '93']	['22', '75', '94', '116']
['ANTICIPATION', 'OTHER']	['329', '368', '329', '368']	['166', '227', '299', '311']
['ANGER']	['260', '280']	['136', '165']
['OTHER']	['174', '203']	['38', '51']
['ANGER', 'SURPRISE', 'OTHER']	['14', '20', '201', '220', '169', '177']	['58', '75', '119', '130', '132', '154']
['DISGUST', 'OTHER']	['138', '146', '138', '146']	['62', '78', '147', '157']
['ANGER', 'TRUST']	['233', '239', '340', '351']	['240', '248', '352', '392']
['ANTICIPATION', 'SADNESS', 'ANGER']	['125', '133', '175', '179', '125', '133']	['180', '183', '125', '166', '134', '137']
['ANGER']	['250', '257']	['217', '238']
['ANGER', 'TRUST']	['177', '240', '116', '123']	['42', '112', '175', '271']
['OTHER']	['236', '243']	['195', '217']
['FEAR']	['122', '126']	['157', '205']
['ANTICIPATION']	['515', '521']	['522', '525']
['JOY']	['87', '93']	['108', '124']
['SADNESS', 'OTHER']	['248', '253', '248', '253']	['260', '269', '260', '269']
['TRUST', 'OTHER']	['235', '239', '260', '290']	['245', '312', '269', '272']
['ANTICIPATION', 'ANGER']	['245', '249', '353', '360']	['253', '276', '366', '372']
['SADNESS', 'OTHER']	['162', '171', '180', '195']	['177', '209', '199', '207']
['DISGUST']	['47', '55']	['56', '66']
['JOY']	['295', '322']	['280', '290']
['DISGUST']	['41', '48']	['49', '52']
['OTHER', 'FEAR', 'OTHER']	['108', '115', '108', '115', '153', '163']	['116', '121', '116', '121', '116', '121']
['TRUST', 'TRUST']	['258', '267', '334', '343']	['281', '328', '349', '380']
['DISGUST', 'DISGUST']	['34', '40', '61', '76']	['41', '55', '41', '55']
['OTHER', 'DISGUST', 'FEAR', 'OTHER']	['240', '262', '311', '321', '311', '321', '311', '321']	['322', '328', '322', '389', '322', '328', '322', '328']
['DISGUST', 'TRUST', 'TRUST']	['103', '112', '103', '112', '137', '148']	['91', '99', '91', '99', '114', '127']
['SURPRISE', 'ANGER']	['125', '133', '147', '154']	['134', '177', '125', '133']
['JOY']	['85', '93']	['107', '137']
['ANGER']	['126', '130']	['136', '146']
['OTHER', 'SADNESS']	['116', '126', '116', '126']	['0', '108', '93', '108']
['TRUST']	['68', '73']	['74', '77']
['SADNESS', 'SADNESS']	['169', '189', '276', '292']	['296', '354', '296', '354']
['SADNESS', 'OTHER']	['354', '377', '354', '377']	['309', '349', '381', '390']
['ANGER']	['118', '125']	['126', '205']
['FEAR', 'OTHER', 'ANTICIPATION']	['91', '98', '91', '98', '91', '98']	['0', '72', '110', '248', '148', '205']
['SURPRISE', 'ANTICIPATION', 'JOY', 'TRUST', 'ANTICIPATION']	['237', '242', '219', '226', '101', '105', '101', '105', '188', '194']	['91', '93', '91', '93', '111', '114', '111', '114', '195', '217']
['OTHER']	['36', '50']	['32', '35']
['TRUST', 'JOY']	['42', '46', '42', '46']	['47', '58', '47', '58']
['ANTICIPATION', 'OTHER']	['164', '170', '213', '236']	['180', '271', '224', '227']
['JOY']	['178', '185']	['186', '198']
['ANTICIPATION']	['214', '220']	['212', '213']
['OTHER', 'ANTICIPATION', 'DISGUST', 'ANGER']	['237', '243', '237', '243', '307', '315', '307', '315']	['304', '328', '249', '302', '316', '328', '316', '328']
['OTHER', 'DISGUST']	['129', '141', '177', '194']	['145', '156', '198', '213']
['ANTICIPATION']	['215', '223']	['224', '238']
['SADNESS']	['38', '42']	['43', '69']
['TRUST', 'OTHER']	['695', '701', '734', '748']	['677', '688', '773', '795']
['ANTICIPATION']	['386', '390']	['311', '339']
['OTHER']	['91', '97']	['98', '102']
['SURPRISE']	['311', '320']	['326', '422']
['JOY', 'SURPRISE']	['153', '166', '100', '109']	['93', '95', '115', '144']
['SURPRISE']	['39', '78']	['1', '18']
['OTHER']	['269', '273']	['274', '277']
['SURPRISE']	['114', '122']	['111', '140']
['OTHER']	['167', '190']	['172', '176']
['ANGER', 'OTHER', 'ANTICIPATION']	['94', '120', '94', '120', '94', '120']	['34', '37', '51', '64', '66', '82']
['JOY']	['46', '73']	['80', '156']
['TRUST']	['115', '120']	['142', '153']
['FEAR']	['181', '187']	['112', '149']
['OTHER']	['85', '100']	['104', '138']
['JOY']	['72', '77']	['79', '106']
['ANGER']	['271', '279']	['243', '265']
['ANGER', 'OTHER']	['71', '76', '71', '76']	['69', '70', '77', '80']
['DISGUST', 'FEAR']	['146', '152', '146', '152']	['156', '182', '156', '182']
['ANTICIPATION', 'JOY', 'ANGER']	['58', '63', '58', '63', '58', '63']	['68', '76', '68', '76', '68', '76']
['TRUST']	['76', '81']	['82', '146']
['TRUST', 'OTHER']	['341', '352', '341', '352']	['291', '315', '353', '370']
['SADNESS', 'OTHER', 'OTHER', 'SURPRISE']	['119', '124', '119', '124', '119', '124', '119', '124']	['125', '144', '125', '144', '125', '144', '125', '144']
['TRUST', 'OTHER']	['197', '202', '197', '202']	['206', '217', '206', '217']
['FEAR', 'ANGER']	['439', '467', '439', '446']	['389', '419', '389', '419']
['JOY', 'ANGER', 'JOY', 'OTHER', 'ANGER']	['139', '150', '339', '343', '292', '302', '292', '302', '458', '463']	['124', '131', '187', '205', '187', '273', '237', '273', '388', '418']
['ANTICIPATION']	['53', '57']	['58', '88']
['TRUST', 'OTHER']	['206', '210', '206', '210']	['171', '191', '211', '213']
['JOY']	['62', '70']	['75', '93']
['JOY', 'TRUST', 'ANTICIPATION', 'OTHER']	['204', '210', '192', '199', '282', '290', '356', '362']	['169', '181', '169', '181', '241', '276', '366', '418']
['TRUST']	['111', '123']	['129', '169']
['ANGER']	['79', '90']	['100', '109']
['TRUST', 'OTHER']	['175', '224', '175', '224']	['0', '28', '342', '360']
['DISGUST']	['84', '88']	['57', '76']
['DISGUST']	['301', '310']	['318', '332']
['JOY', 'OTHER']	['122', '131', '122', '131']	['137', '155', '137', '155']
['OTHER', 'JOY']	['135', '139', '135', '139']	['145', '176', '145', '176']
['OTHER', 'OTHER', 'FEAR']	['133', '144', '110', '116', '133', '144']	['62', '99', '120', '128', '145', '153']
['JOY']	['257', '263']	['276', '279']
['JOY']	['196', '206']	['216', '220']
['OTHER', 'OTHER', 'OTHER', 'TRUST']	['344', '357', '275', '279', '218', '224', '344', '357']	['4', '163', '4', '163', '4', '163', '344', '348']
['TRUST']	['114', '122']	['123', '145']
['DISGUST', 'SADNESS', 'SURPRISE']	['26', '30', '26', '30', '31', '39']	['57', '60', '57', '60', '57', '60']
['FEAR']	['276', '281']	['294', '326']
['OTHER', 'TRUST']	['77', '86', '77', '86']	['21', '46', '90', '92']
['OTHER', 'OTHER', 'OTHER', 'SURPRISE', 'DISGUST', 'SADNESS']	['84', '95', '84', '95', '84', '95', '84', '95', '84', '95', '84', '95']	['0', '45', '0', '45', '0', '45', '48', '57', '48', '57', '48', '57']
['OTHER', 'JOY']	['98', '106', '164', '169']	['116', '133', '116', '133']
['SADNESS', 'ANGER', 'OTHER']	['277', '282', '357', '362', '344', '352']	['283', '290', '296', '362', '353', '356']
['TRUST', 'DISGUST']	['40', '44', '95', '119']	['69', '175', '69', '175']
['TRUST']	['398', '406']	['361', '379']
['TRUST', 'ANTICIPATION']	['53', '57', '53', '57']	['61', '92', '66', '70']
['SURPRISE']	['37', '63']	['5', '18']
['DISGUST']	['141', '146']	['192', '238']
['OTHER']	['439', '446']	['289', '296']
['DISGUST', 'SADNESS']	['36', '41', '36', '41']	['14', '31', '14', '31']
['DISGUST', 'OTHER']	['143', '166', '143', '166']	['123', '134', '170', '190']
['SURPRISE']	['75', '82']	['55', '57']
['OTHER', 'FEAR', 'ANGER']	['232', '241', '119', '126', '92', '102']	['68', '70', '68', '70', '68', '70']
['SURPRISE']	['92', '98']	['99', '118']
['SURPRISE']	['155', '161']	['162', '189']
['OTHER']	['15', '22']	['47', '62']
['OTHER', 'OTHER']	['92', '100', '105', '109']	['116', '124', '116', '124']
['OTHER']	['100', '114']	['90', '92']
['ANTICIPATION']	['207', '214']	['215', '229']
['SURPRISE', 'ANTICIPATION', 'ANGER']	['21', '45', '21', '45', '21', '54']	['115', '125', '115', '125', '115', '125']
['TRUST', 'TRUST']	['87', '119', '164', '169']	['186', '192', '186', '192']
['TRUST']	['325', '333']	['334', '337']
['OTHER']	['208', '212']	['216', '226']
['JOY', 'OTHER']	['80', '85', '201', '207']	['86', '97', '208', '297']
['ANTICIPATION', 'ANGER']	['107', '127', '168', '175']	['133', '198', '190', '193']
['JOY']	['92', '97']	['98', '182']
['JOY']	['38', '43']	['44', '118']
['FEAR']	['255', '265']	['227', '241']
['ANTICIPATION']	['66', '74']	['78', '87']
['OTHER']	['150', '160']	['36', '43']
['OTHER', 'FEAR']	['312', '319', '312', '319']	['175', '214', '263', '296']
['OTHER', 'SURPRISE', 'JOY', 'JOY', 'TRUST', 'TRUST', 'OTHER']	['241', '248', '482', '487', '241', '248', '264', '268', '264', '268', '482', '487', '482', '487']	['258', '289', '258', '289', '258', '263', '273', '289', '273', '289', '491', '506', '491', '506']
['OTHER', 'OTHER', 'OTHER', 'OTHER', 'SADNESS', 'SURPRISE', 'FEAR', 'DISGUST']	['87', '114', '87', '114', '87', '98', '87', '98', '87', '98', '87', '98', '87', '114', '87', '114']	['35', '70', '35', '70', '35', '70', '35', '70', '112', '114', '112', '114', '112', '114', '112', '114']
['DISGUST', 'FEAR']	['223', '227', '186', '192']	['164', '171', '232', '275']
['OTHER', 'OTHER', 'SURPRISE', 'JOY']	['171', '176', '184', '194', '184', '194', '220', '228']	['180', '210', '198', '210', '198', '210', '261', '279']
['ANTICIPATION']	['75', '79']	['80', '107']
['SURPRISE']	['320', '362']	['266', '289']
['OTHER', 'ANTICIPATION']	['43', '61', '67', '74']	['67', '93', '79', '93']
['DISGUST']	['80', '84']	['85', '113']
['SADNESS', 'ANTICIPATION']	['37', '42', '68', '78']	['43', '111', '82', '91']
['OTHER']	['68', '74']	['78', '250']
['DISGUST']	['252', '271']	['203', '271']
['SURPRISE']	['174', '180']	['181', '188']
['ANTICIPATION']	['89', '102']	['117', '185']
['ANTICIPATION']	['80', '84']	['85', '108']
['OTHER', 'OTHER', 'OTHER']	['46', '52', '56', '69', '115', '145']	['96', '113', '96', '113', '96', '113']
['DISGUST']	['83', '93']	['99', '146']
['ANGER']	['305', '309']	['187', '268']
['OTHER', 'DISGUST']	['29', '54', '29', '54']	['65', '126', '65', '68']
['ANGER', 'TRUST']	['243', '298', '278', '283']	['403', '464', '284', '297']
['OTHER']	['58', '110']	['81', '99']
['SURPRISE']	['134', '142']	['102', '112']
['TRUST', 'JOY']	['50', '58', '67', '73']	['59', '108', '74', '108']
['TRUST', 'TRUST']	['209', '213', '184', '188']	['174', '183', '193', '200']
['OTHER', 'JOY', 'SURPRISE', 'SURPRISE']	['91', '100', '91', '100', '109', '116', '130', '181']	['117', '122', '117', '122', '130', '181', '117', '122']
['DISGUST', 'ANGER']	['152', '159', '142', '159']	['122', '125', '161', '165']
['TRUST', 'JOY']	['24', '28', '24', '28']	['29', '32', '29', '32']
['JOY', 'TRUST', 'JOY']	['41', '45', '41', '45', '57', '62']	['46', '50', '46', '50', '63', '67']
['OTHER', 'OTHER', 'OTHER']	['319', '414', '365', '373', '340', '350']	['240', '313', '240', '313', '240', '313']
['OTHER', 'ANGER']	['110', '117', '182', '191']	['65', '78', '80', '83']
['SADNESS']	['221', '229']	['281', '292']
['SADNESS']	['62', '66']	['67', '91']
['ANGER']	['132', '167']	['86', '124']
['SURPRISE']	['62', '71']	['29', '50']
['SURPRISE']	['208', '216']	['190', '202']
['TRUST']	['92', '145']	['129', '145']
['ANTICIPATION', 'OTHER']	['316', '322', '407', '486']	['397', '404', '397', '404']
['SURPRISE']	['178', '184']	['185', '294']
['ANTICIPATION', 'SURPRISE']	['76', '99', '115', '123']	['154', '165', '140', '165']
['TRUST', 'OTHER', 'OTHER', 'ANGER', 'ANGER']	['58', '65', '45', '52', '58', '65', '203', '236', '203', '212']	['36', '44', '66', '69', '73', '82', '112', '122', '203', '236']
['JOY', 'TRUST']	['50', '80', '81', '87']	['97', '100', '97', '100']
['FEAR']	['83', '90']	['91', '98']
['JOY']	['74', '86']	['51', '68']
['OTHER']	['128', '152']	['174', '193']
['ANGER']	['150', '205']	['227', '263']
['JOY']	['242', '249']	['250', '257']
['OTHER']	['119', '127']	['128', '139']
['OTHER']	['143', '150']	['153', '196']
['ANTICIPATION']	['128', '132']	['133', '165']
['SURPRISE']	['88', '91']	['75', '83']
['OTHER', 'OTHER']	['51', '72', '58', '68']	['11', '42', '69', '72']
['FEAR', 'OTHER', 'FEAR', 'OTHER']	['80', '84', '80', '84', '144', '148', '144', '148']	['39', '71', '88', '95', '100', '135', '152', '160']
['SURPRISE']	['29', '40']	['101', '147']
['ANTICIPATION']	['324', '329']	['364', '474']
['OTHER']	['545', '557']	['574', '584']
['ANGER', 'ANGER']	['128', '136', '160', '166']	['114', '126', '173', '184']
['JOY', 'SADNESS', 'OTHER']	['39', '43', '112', '117', '154', '163']	['44', '47', '124', '141', '124', '141']
['DISGUST', 'ANTICIPATION']	['59', '75', '89', '97']	['59', '75', '98', '115']
['OTHER', 'JOY']	['56', '72', '56', '72']	['27', '49', '73', '77']
['OTHER', 'DISGUST']	['452', '475', '452', '475']	['157', '311', '313', '331']
['OTHER']	['404', '416']	['370', '399']
['OTHER', 'OTHER', 'DISGUST']	['35', '42', '54', '74', '211', '215']	['128', '165', '128', '165', '152', '165']
['OTHER', 'DISGUST']	['76', '84', '76', '84']	['67', '69', '67', '69']
['OTHER']	['32', '40']	['0', '16']
['SURPRISE']	['160', '166']	['190', '209']
['TRUST']	['79', '87']	['92', '148']
['FEAR']	['35', '41']	['42', '59']
['OTHER']	['41', '56']	['8', '39']
['OTHER', 'OTHER']	['137', '171', '159', '171']	['119', '132', '119', '132']
['OTHER', 'SADNESS', 'ANGER', 'OTHER']	['272', '278', '272', '278', '283', '289', '514', '524']	['510', '548', '313', '327', '510', '548', '510', '548']
['JOY', 'OTHER', 'OTHER', 'JOY']	['136', '143', '136', '143', '164', '175', '164', '175']	['147', '158', '147', '158', '147', '158', '147', '158']
['TRUST']	['13', '51']	['11', '12']
['JOY', 'SURPRISE']	['92', '101', '92', '101']	['102', '107', '102', '107']
['FEAR', 'OTHER']	['139', '161', '139', '161']	['172', '186', '172', '186']
['OTHER', 'SURPRISE']	['316', '336', '316', '336']	['312', '351', '348', '351']
['DISGUST']	['271', '318']	['230', '233']
['OTHER', 'OTHER', 'FEAR']	['336', '348', '209', '218', '209', '218']	['0', '42', '0', '42', '311', '315']
['SADNESS']	['111', '194']	['223', '294']
['SADNESS']	['232', '236']	['187', '200']
['FEAR', 'SADNESS']	['85', '92', '74', '79']	['34', '57', '34', '57']
['SURPRISE']	['147', '156']	['64', '141']
['SURPRISE']	['31', '39']	['21', '30']
['OTHER', 'ANTICIPATION']	['98', '105', '98', '105']	['36', '47', '109', '130']
['OTHER']	['218', '225']	['229', '244']
['SURPRISE']	['223', '233']	['234', '241']
['OTHER']	['56', '89']	['91', '150']
['SURPRISE', 'ANTICIPATION']	['117', '125', '147', '154']	['89', '136', '159', '179']
['TRUST', 'TRUST']	['239', '244', '260', '265']	['248', '250', '248', '250']
['DISGUST', 'FEAR']	['381', '392', '397', '416']	['285', '289', '345', '392']
['DISGUST', 'FEAR', 'ANGER']	['86', '94', '86', '94', '86', '94']	['113', '132', '113', '132', '113', '132']
['SADNESS']	['245', '335']	['175', '184']
['ANTICIPATION']	['32', '38']	['39', '85']
['DISGUST', 'OTHER', 'OTHER', 'OTHER']	['222', '227', '222', '227', '254', '263', '298', '308']	['228', '236', '228', '236', '264', '281', '313', '328']
['OTHER']	['45', '53']	['54', '62']
['OTHER', 'OTHER']	['102', '107', '47', '52']	['0', '40', '0', '40']
['FEAR']	['131', '140']	['154', '245']
['DISGUST', 'OTHER']	['68', '73', '68', '73']	['25', '39', '112', '133']
['JOY', 'OTHER']	['398', '408', '398', '408']	['430', '447', '430', '447']
['ANGER']	['96', '202']	['23', '117']
['DISGUST', 'OTHER']	['381', '393', '381', '393']	['127', '159', '338', '422']
['OTHER']	['195', '200']	['208', '222']
['DISGUST']	['78', '86']	['88', '101']
['OTHER', 'DISGUST']	['79', '88', '142', '163']	['92', '101', '167', '195']
['OTHER']	['88', '95']	['110', '188']
['OTHER', 'OTHER']	['165', '174', '204', '209']	['145', '164', '257', '289']
['OTHER']	['87', '113']	['41', '50']
['TRUST', 'DISGUST', 'OTHER']	['71', '75', '222', '227', '222', '227']	['88', '118', '166', '187', '237', '272']
['OTHER']	['220', '227']	['228', '247']
['OTHER', 'ANTICIPATION', 'JOY']	['79', '85', '79', '85', '146', '156']	['135', '175', '86', '125', '168', '175']
['SADNESS', 'DISGUST', 'OTHER']	['87', '95', '59', '71', '59', '71']	['35', '47', '35', '47', '35', '47']
['SADNESS']	['107', '114']	['58', '71']
['OTHER', 'ANGER', 'DISGUST']	['148', '222', '89', '94', '148', '222']	['1', '57', '1', '57', '148', '222']
['FEAR', 'ANTICIPATION', 'OTHER']	['168', '177', '240', '244', '207', '217']	['181', '187', '193', '206', '193', '206']
['OTHER']	['146', '153']	['19', '97']
['OTHER']	['188', '204']	['242', '381']
['OTHER', 'OTHER', 'OTHER', 'SADNESS', 'DISGUST']	['287', '294', '491', '499', '428', '435', '428', '435', '491', '499']	['295', '418', '399', '418', '399', '418', '436', '450', '462', '490']
['ANGER', 'FEAR']	['317', '329', '369', '384']	['340', '358', '400', '460']
['OTHER', 'SURPRISE']	['72', '124', '72', '124']	['243', '269', '81', '83']
['DISGUST', 'DISGUST']	['109', '130', '56', '68']	['43', '45', '43', '45']
['ANTICIPATION']	['136', '144']	['157', '170']
['OTHER', 'SURPRISE', 'OTHER']	['227', '269', '227', '269', '181', '221']	['164', '188', '164', '221', '164', '188']
['TRUST', 'OTHER']	['412', '424', '504', '511']	['543', '553', '456', '480']
['OTHER', 'OTHER']	['76', '84', '85', '94']	['27', '61', '68', '94']
['OTHER', 'JOY']	['170', '192', '170', '192']	['19', '123', '194', '221']
['OTHER', 'SADNESS']	['229', '252', '328', '335']	['274', '301', '345', '364']
['FEAR', 'OTHER']	['201', '221', '201', '221']	['105', '112', '105', '135']
['JOY', 'OTHER']	['156', '161', '156', '161']	['116', '146', '116', '146']
['OTHER', 'OTHER', 'JOY', 'DISGUST', 'OTHER']	['275', '285', '322', '327', '322', '327', '350', '355', '350', '355']	['258', '262', '328', '344', '328', '344', '356', '367', '356', '367']
['SURPRISE']	['72', '80']	['82', '142']
['SADNESS']	['128', '163']	['257', '300']
['OTHER']	['127', '132']	['133', '153']
['SADNESS']	['138', '143']	['39', '60']
['OTHER']	['86', '93']	['57', '60']
['OTHER', 'TRUST']	['207', '211', '207', '211']	['292', '377', '217', '232']
['SURPRISE', 'ANGER']	['65', '73', '74', '105']	['107', '154', '107', '154']
['OTHER']	['146', '158']	['162', '164']
['OTHER', 'ANGER', 'SURPRISE']	['162', '172', '256', '282', '291', '299']	['231', '238', '231', '238', '288', '343']
['ANTICIPATION']	['92', '96']	['100', '125']
['SURPRISE']	['177', '185']	['251', '269']
['TRUST']	['25', '67']	['25', '28']
['OTHER', 'JOY', 'TRUST', 'JOY', 'JOY', 'OTHER']	['135', '149', '118', '125', '44', '51', '44', '51', '101', '113', '101', '113']	['37', '40', '37', '40', '37', '40', '37', '40', '55', '91', '131', '180']
['OTHER', 'ANTICIPATION']	['95', '128', '51', '59']	['49', '50', '63', '80']
['DISGUST']	['51', '103']	['109', '148']
['ANTICIPATION']	['313', '326']	['327', '406']
['ANGER']	['60', '64']	['52', '53']
['SURPRISE', 'SADNESS', 'SADNESS']	['224', '232', '377', '381', '547', '560']	['233', '236', '393', '431', '393', '431']
['SURPRISE', 'OTHER', 'OTHER', 'ANGER']	['375', '384', '375', '384', '425', '432', '545', '555']	['365', '374', '385', '395', '385', '395', '530', '540']
['OTHER']	['118', '127']	['132', '183']
['ANGER', 'FEAR']	['218', '231', '253', '261']	['262', '282', '262', '282']
['ANGER']	['224', '240']	['208', '214']
['OTHER', 'ANGER']	['126', '153', '217', '224']	['174', '192', '174', '192']
['OTHER']	['195', '204']	['205', '215']
['OTHER']	['60', '82']	['51', '59']
['TRUST', 'JOY']	['304', '325', '509', '522']	['247', '257', '471', '480']
['ANTICIPATION', 'DISGUST', 'JOY']	['187', '194', '132', '151', '105', '109']	['99', '100', '99', '100', '110', '123']
['DISGUST']	['453', '462']	['402', '410']
['DISGUST', 'DISGUST', 'JOY', 'DISGUST']	['438', '443', '666', '671', '737', '747', '720', '728']	['534', '577', '698', '707', '698', '707', '729', '732']
['DISGUST']	['133', '137']	['138', '139']
['DISGUST']	['341', '366']	['310', '313']
['JOY', 'DISGUST']	['38', '48', '53', '57']	['102', '109', '102', '109']
['SADNESS']	['46', '60']	['20', '29']
['DISGUST']	['114', '120']	['32', '36']
['DISGUST']	['274', '282']	['347', '386']
['TRUST']	['248', '253']	['211', '241']
['SURPRISE']	['333', '343']	['295', '299']
['SURPRISE']	['310', '318']	['169', '244']
['SADNESS']	['310', '320']	['346', '457']
['OTHER', 'JOY', 'TRUST', 'OTHER', 'TRUST', 'JOY']	['236', '247', '559', '567', '398', '406', '494', '502', '656', '661', '656', '661']	['248', '268', '336', '339', '347', '358', '471', '479', '662', '670', '662', '670']
['OTHER']	['23', '27']	['28', '30']
['TRUST']	['67', '71']	['51', '53']
['TRUST']	['59', '63']	['64', '67']
['ANTICIPATION', 'TRUST']	['263', '271', '380', '390']	['277', '366', '277', '366']
['JOY', 'TRUST']	['76', '86', '181', '188']	['52', '64', '161', '177']
['OTHER']	['158', '166']	['167', '221']
['TRUST']	['110', '119']	['121', '144']
['SADNESS']	['136', '143']	['164', '171']
['TRUST']	['52', '57']	['58', '137']
['ANTICIPATION']	['247', '255']	['259', '268']
['SADNESS']	['185', '194']	['155', '208']
['SADNESS']	['110', '120']	['59', '102']
['ANTICIPATION']	['198', '204']	['211', '214']
['ANGER']	['157', '160']	['161', '163']
['SURPRISE']	['210', '218']	['232', '242']
['OTHER']	['32', '41']	['45', '70']
['OTHER']	['190', '221']	['121', '132']
['OTHER']	['226', '243']	['244', '247']
['TRUST', 'OTHER']	['226', '234', '192', '196']	['176', '186', '206', '241']
['OTHER']	['77', '89']	['48', '71']
['ANTICIPATION']	['213', '219']	['220', '240']
['ANTICIPATION']	['218', '222']	['93', '183']
['TRUST']	['58', '66']	['85', '94']
['OTHER']	['78', '84']	['63', '67']
['OTHER', 'FEAR']	['40', '45', '40', '45']	['7', '30', '49', '52']
['OTHER']	['162', '172']	['180', '237']
['SURPRISE', 'JOY']	['72', '80', '294', '312']	['86', '101', '287', '312']
['FEAR', 'SADNESS']	['188', '200', '118', '125']	['102', '117', '102', '117']
['DISGUST', 'ANGER', 'DISGUST']	['288', '298', '339', '348', '339', '348']	['247', '262', '313', '331', '369', '407']
['SADNESS']	['189', '196']	['76', '140']
['FEAR', 'ANGER']	['193', '197', '141', '147']	['0', '88', '0', '88']
['DISGUST']	['102', '110']	['111', '118']
['ANTICIPATION']	['51', '57']	['58', '73']
['ANTICIPATION']	['106', '112']	['82', '93']
['SURPRISE']	['39', '49']	['55', '201']
['FEAR', 'ANTICIPATION']	['53', '60', '76', '80']	['74', '75', '81', '118']
['ANTICIPATION']	['245', '249']	['253', '266']
['OTHER']	['148', '158']	['162', '170']
['DISGUST']	['69', '78']	['79', '83']
['TRUST']	['270', '285']	['277', '280']
['OTHER']	['132', '143']	['144', '159']
['TRUST', 'OTHER']	['118', '128', '78', '83']	['66', '83', '66', '83']
['ANGER']	['64', '81']	['59', '63']
['DISGUST']	['225', '229']	['191', '249']
['JOY', 'SURPRISE']	['287', '294', '277', '286']	['197', '269', '197', '269']
['ANTICIPATION']	['332', '339']	['343', '348']
['ANGER', 'DISGUST']	['175', '184', '160', '166']	['149', '154', '149', '154']
['TRUST']	['137', '142']	['68', '113']
['FEAR']	['119', '125']	['129', '132']
['OTHER']	['96', '104']	['136', '192']
['TRUST']	['125', '135']	['99', '102']
['SADNESS']	['81', '110']	['69', '80']
['ANGER']	['81', '92']	['162', '181']
['OTHER', 'SADNESS']	['95', '103', '93', '109']	['51', '82', '104', '108']
['SURPRISE', 'SURPRISE']	['235', '243', '120', '128']	['45', '67', '45', '67']
['FEAR']	['157', '167']	['146', '152']
['SADNESS']	['47', '50']	['1', '42']
['JOY', 'TRUST']	['76', '80', '107', '111']	['35', '36', '82', '97']
['JOY']	['59', '63']	['24', '28']
['TRUST']	['135', '140']	['146', '184']
['SURPRISE']	['56', '65']	['46', '48']
['TRUST', 'TRUST', 'JOY', 'TRUST']	['134', '139', '96', '100', '158', '162', '126', '130']	['94', '95', '101', '104', '101', '104', '131', '166']
['OTHER']	['236', '245']	['250', '261']
['OTHER']	['145', '195']	['93', '121']
['TRUST']	['79', '89']	['18', '25']
['FEAR']	['270', '279']	['280', '290']
['SADNESS']	['189', '192']	['65', '162']
['SURPRISE']	['65', '74']	['44', '54']
['JOY']	['360', '368']	['304', '333']
['SURPRISE']	['74', '83']	['0', '16']
['OTHER']	['85', '97']	['49', '63']
['ANTICIPATION', 'SURPRISE']	['55', '59', '107', '116']	['60', '89', '120', '155']
['ANTICIPATION']	['373', '390']	['411', '427']
['OTHER']	['198', '203']	['207', '227']
['TRUST']	['33', '41']	['42', '46']
['OTHER']	['90', '120']	['74', '86']
['FEAR']	['222', '229']	['208', '215']
['ANTICIPATION']	['128', '131']	['132', '136']
['ANGER']	['185', '194']	['198', '206']
['ANTICIPATION']	['386', '395']	['399', '425']
['ANTICIPATION']	['133', '140']	['164', '212']
['DISGUST']	['134', '145']	['151', '159']
['TRUST']	['141', '151']	['152', '164']
['ANGER', 'DISGUST', 'ANTICIPATION']	['229', '241', '281', '292', '340', '347']	['398', '404', '242', '256', '398', '404']
['FEAR', 'OTHER']	['163', '179', '163', '179']	['157', '161', '189', '287']
['TRUST', 'OTHER']	['366', '373', '238', '246']	['152', '154', '263', '373']
['SADNESS', 'FEAR']	['377', '406', '145', '151']	['125', '130', '125', '130']
['OTHER']	['35', '41']	['42', '51']
['OTHER']	['206', '231']	['192', '204']
['DISGUST']	['125', '139']	['140', '145']
['OTHER']	['87', '100']	['4', '82']
['ANGER']	['21', '31']	['62', '70']
['SADNESS', 'DISGUST']	['88', '117', '243', '262']	['190', '224', '225', '233']
['OTHER']	['46', '56']	['112', '134']
['FEAR']	['247', '253']	['254', '270']
['OTHER']	['348', '355']	['260', '268']
['OTHER']	['262', '287']	['291', '305']
['SADNESS']	['136', '169']	['52', '55']
['TRUST']	['251', '279']	['204', '225']
['SURPRISE']	['38', '47']	['48', '53']
['SURPRISE']	['125', '136']	['122', '124']
['SURPRISE']	['205', '211']	['229', '250']
['SADNESS']	['678', '706']	['727', '806']
['SADNESS', 'TRUST']	['76', '91', '51', '70']	['25', '49', '111', '163']
['SURPRISE']	['221', '248']	['174', '188']
['OTHER', 'SURPRISE']	['114', '122', '164', '175']	['74', '97', '154', '163']
['SADNESS']	['158', '164']	['165', '172']
['SURPRISE']	['70', '78']	['39', '48']
['ANTICIPATION']	['30', '37']	['38', '190']
['ANGER']	['95', '114']	['72', '75']
['OTHER', 'SURPRISE']	['134', '142', '134', '142']	['1', '29', '95', '99']
['TRUST']	['61', '66']	['21', '35']
['ANGER']	['206', '213']	['183', '193']
['OTHER', 'JOY']	['125', '129', '125', '129']	['0', '31', '130', '146']
['ANTICIPATION', 'TRUST']	['191', '197', '199', '219']	['177', '187', '188', '190']
['DISGUST']	['54', '71']	['0', '17']
['TRUST']	['68', '77']	['40', '51']
['ANTICIPATION', 'TRUST']	['136', '141', '203', '211']	['146', '182', '146', '215']
['ANTICIPATION']	['242', '247']	['252', '280']
['OTHER']	['50', '85']	['47', '49']
['TRUST', 'TRUST']	['296', '301', '308', '313']	['336', '343', '336', '343']
['ANGER']	['56', '61']	['62', '78']
['SURPRISE', 'SADNESS']	['102', '111', '116', '128']	['129', '169', '129', '169']
['FEAR', 'DISGUST']	['255', '261', '245', '250']	['189', '215', '189', '215']
['DISGUST']	['116', '127']	['139', '161']
['ANTICIPATION']	['176', '184']	['185', '213']
['OTHER', 'OTHER', 'DISGUST']	['90', '98', '129', '135', '290', '300']	['103', '110', '103', '110', '256', '273']
['JOY']	['27', '32']	['19', '24']
['DISGUST']	['173', '189']	['190', '209']
['OTHER']	['172', '184']	['112', '115']
['JOY', 'JOY']	['81', '93', '64', '68']	['24', '31', '24', '31']
['DISGUST']	['104', '109']	['110', '125']
['SADNESS', 'SADNESS']	['365', '374', '462', '473']	['478', '715', '478', '715']
['FEAR']	['339', '354']	['177', '236']
['ANTICIPATION', 'JOY', 'FEAR', 'OTHER']	['140', '144', '398', '408', '267', '272', '398', '408']	['149', '212', '213', '218', '213', '218', '417', '432']
['SADNESS', 'DISGUST']	['321', '333', '397', '439']	['334', '343', '403', '411']
['SURPRISE']	['382', '392']	['289', '312']
['FEAR']	['86', '107']	['114', '125']
['ANGER']	['113', '144']	['214', '253']
['OTHER']	['119', '142']	['151', '195']
['OTHER']	['32', '56']	['0', '23']
['SADNESS']	['145', '155']	['20', '59']
['FEAR']	['30', '36']	['37', '66']
['FEAR']	['306', '316']	['180', '238']
['OTHER']	['80', '84']	['88', '99']
['OTHER']	['92', '100']	['115', '134']
['JOY']	['300', '305']	['214', '226']
['OTHER']	['253', '263']	['264', '302']
['TRUST', 'ANTICIPATION', 'TRUST']	['334', '338', '261', '271', '312', '319']	['242', '244', '272', '288', '279', '347']
['TRUST']	['79', '105']	['69', '75']
['DISGUST', 'SADNESS']	['65', '75', '65', '75']	['81', '122', '81', '122']
['SADNESS', 'JOY']	['227', '237', '261', '268']	['161', '163', '227', '237']
['SURPRISE']	['137', '145']	['146', '181']
['SURPRISE', 'ANGER']	['23', '31', '64', '71']	['75', '85', '75', '85']
['OTHER']	['67', '76']	['1', '27']
['SURPRISE', 'DISGUST']	['113', '122', '159', '164']	['136', '138', '136', '138']
['SADNESS']	['25', '42']	['72', '149']
['SURPRISE']	['381', '387']	['388', '413']
['SURPRISE']	['37', '48']	['67', '75']
['OTHER']	['96', '105']	['55', '67']
['OTHER']	['95', '103']	['66', '84']
['ANGER']	['16', '24']	['69', '90']
['TRUST']	['191', '198']	['199', '201']
['TRUST']	['234', '240']	['191', '200']
['TRUST', 'OTHER']	['85', '94', '85', '94']	['116', '136', '95', '98']
['TRUST']	['135', '141']	['142', '151']
['FEAR']	['113', '117']	['123', '212']
['ANGER']	['138', '148']	['149', '154']
['FEAR', 'FEAR', 'SADNESS']	['44', '50', '111', '129', '44', '50']	['59', '67', '59', '67', '59', '67']
['SURPRISE']	['190', '195']	['223', '260']
['ANGER', 'ANTICIPATION']	['197', '202', '278', '288']	['211', '272', '298', '336']
['ANGER']	['340', '348']	['352', '364']
['ANGER', 'DISGUST']	['235', '243', '235', '243']	['228', '230', '228', '230']
['JOY']	['97', '102']	['79', '89']
['SADNESS']	['375', '381']	['313', '367']
['JOY']	['261', '269']	['279', '375']
['JOY', 'SADNESS']	['293', '301', '306', '310']	['302', '325', '326', '388']
['OTHER']	['152', '166']	['15', '128']
['SADNESS']	['133', '193']	['63', '109']
['ANTICIPATION']	['128', '143']	['144', '189']
['OTHER']	['31', '38']	['0', '3']
['JOY']	['193', '198']	['128', '140']
['DISGUST']	['69', '75']	['79', '81']
['OTHER', 'DISGUST']	['92', '99', '92', '99']	['38', '74', '105', '130']
['DISGUST']	['204', '228']	['185', '196']
['SADNESS']	['178', '223']	['276', '344']
['DISGUST']	['257', '263']	['235', '240']
['ANGER']	['178', '185']	['128', '177']
['DISGUST']	['380', '387']	['391', '393']
['FEAR']	['202', '218']	['225', '261']
['FEAR']	['429', '439']	['468', '478']
['TRUST']	['90', '101']	['109', '126']
['ANTICIPATION']	['156', '223']	['144', '154']
['OTHER', 'ANTICIPATION']	['141', '148', '177', '183']	['149', '164', '184', '193']
['FEAR']	['230', '239']	['203', '215']
['FEAR']	['73', '124']	['143', '168']
['FEAR']	['91', '95']	['81', '88']
['FEAR', 'OTHER', 'DISGUST']	['190', '196', '227', '234', '330', '339']	['200', '203', '235', '295', '368', '401']
['OTHER']	['185', '192']	['144', '176']
['OTHER']	['73', '88']	['116', '128']
['ANTICIPATION', 'SURPRISE']	['174', '178', '233', '241']	['199', '229', '199', '229']
['OTHER']	['181', '187']	['192', '197']
['SADNESS']	['106', '205']	['87', '100']
['FEAR', 'OTHER']	['157', '165', '348', '353']	['169', '193', '272', '315']
['SURPRISE']	['221', '233']	['190', '208']
['FEAR', 'OTHER']	['196', '200', '122', '131']	['99', '112', '99', '112']
['OTHER']	['155', '160']	['161', '163']
['OTHER']	['100', '112']	['45', '89']
['ANGER']	['110', '120']	['122', '124']
['TRUST']	['76', '84']	['90', '114']
['OTHER']	['53', '74']	['78', '103']
['ANGER']	['172', '180']	['181', '343']
['ANTICIPATION']	['264', '270']	['281', '321']
['JOY']	['134', '164']	['95', '120']
['SADNESS']	['102', '126']	['132', '208']
['SADNESS', 'FEAR', 'FEAR']	['177', '182', '184', '195', '196', '204']	['210', '221', '210', '221', '210', '221']
['ANTICIPATION']	['236', '263']	['137', '155']
['FEAR']	['108', '112']	['113', '126']
['ANTICIPATION', 'ANTICIPATION', 'FEAR']	['278', '284', '362', '369', '266', '277']	['110', '132', '250', '258', '250', '258']
['FEAR']	['226', '236']	['210', '223']
['SADNESS', 'TRUST']	['147', '151', '138', '142']	['68', '108', '68', '108']
['OTHER']	['187', '198']	['45', '116']
['OTHER']	['144', '156']	['164', '167']
['DISGUST']	['124', '129']	['65', '80']
['OTHER', 'ANGER']	['256', '262', '276', '284']	['266', '269', '266', '269']
['ANTICIPATION']	['281', '295']	['358', '383']
['DISGUST']	['115', '153']	['102', '109']
['FEAR']	['179', '210']	['13', '55']
['FEAR']	['39', '45']	['46', '73']
['FEAR']	['133', '143']	['103', '111']
['FEAR', 'OTHER']	['180', '186', '259', '267']	['192', '209', '192', '209']
['OTHER']	['48', '56']	['1', '36']
['FEAR', 'ANTICIPATION']	['214', '220', '165', '187']	['79', '127', '79', '127']
['OTHER']	['149', '178']	['131', '141']
['FEAR']	['49', '76']	['81', '105']
['JOY']	['31', '37']	['38', '41']
['JOY']	['175', '196']	['108', '149']
['SADNESS', 'OTHER', 'TRUST', 'OTHER']	['98', '107', '278', '287', '264', '272', '264', '272']	['111', '114', '217', '249', '217', '249', '251', '262']
['ANGER']	['86', '92']	['94', '128']
['SADNESS', 'ANTICIPATION']	['138', '161', '122', '137']	['89', '116', '162', '212']
['JOY', 'SADNESS']	['101', '110', '286', '296']	['175', '243', '262', '270']
['TRUST']	['265', '274']	['238', '258']
['OTHER']	['238', '248']	['15', '88']
['ANGER', 'DISGUST']	['110', '131', '140', '164']	['132', '164', '132', '164']
['SURPRISE']	['70', '78']	['52', '54']
['SURPRISE']	['194', '211']	['138', '193']
['TRUST']	['140', '147']	['137', '139']
['SADNESS']	['174', '178']	['192', '304']
['SURPRISE']	['210', '218']	['276', '302']
['SURPRISE']	['468', '487']	['345', '367']
['DISGUST']	['54', '63']	['115', '146']
['FEAR']	['79', '88']	['134', '151']
['SADNESS', 'ANTICIPATION']	['76', '102', '76', '87']	['126', '147', '126', '147']
['JOY', 'FEAR']	['184', '191', '241', '248']	['195', '227', '249', '274']
['JOY', 'JOY']	['276', '285', '382', '393']	['178', '242', '397', '405']
['FEAR']	['344', '353']	['354', '360']
['SURPRISE']	['349', '362']	['66', '78']
['FEAR', 'SADNESS']	['209', '216', '228', '234']	['239', '255', '239', '255']
['SADNESS']	['175', '213']	['80', '86']
['OTHER']	['99', '105']	['106', '121']
['OTHER', 'DISGUST']	['90', '98', '49', '59']	['41', '44', '68', '71']
['DISGUST']	['174', '179']	['188', '210']
['SADNESS', 'SURPRISE']	['177', '196', '188', '196']	['200', '225', '200', '225']
['OTHER']	['423', '461']	['463', '631']
['DISGUST']	['65', '73']	['81', '91']
['TRUST']	['53', '81']	['51', '52']
['SADNESS']	['114', '120']	['133', '151']
['OTHER', 'FEAR', 'OTHER']	['151', '159', '264', '274', '264', '274']	['143', '146', '147', '150', '367', '402']
['OTHER']	['158', '173']	['123', '153']
['TRUST']	['398', '407']	['358', '364']
['OTHER', 'TRUST']	['65', '69', '65', '69']	['21', '44', '75', '78']
['JOY']	['59', '64']	['65', '75']
['ANTICIPATION']	['82', '90']	['94', '212']
['OTHER', 'SADNESS', 'SADNESS', 'SADNESS']	['263', '272', '153', '161', '263', '272', '236', '244']	['140', '152', '162', '214', '162', '214', '162', '214']
['OTHER']	['433', '449']	['409', '423']
['JOY']	['40', '46']	['80', '101']
['JOY', 'SADNESS']	['132', '138', '132', '138']	['144', '146', '144', '146']
['SADNESS']	['154', '160']	['161', '168']
['DISGUST']	['96', '115']	['50', '53']
['SADNESS']	['377', '387']	['254', '300']
['ANTICIPATION']	['237', '243']	['244', '290']
['JOY']	['150', '158']	['131', '144']
['SADNESS']	['73', '170']	['173', '180']
['JOY']	['222', '240']	['188', '197']
['ANGER']	['73', '91']	['51', '54']
['ANGER', 'SURPRISE']	['34', '62', '54', '62']	['8', '27', '30', '33']
['SURPRISE', 'ANGER']	['68', '76', '38', '45']	['27', '30', '83', '86']
['JOY', 'SADNESS', 'OTHER']	['115', '124', '130', '138', '198', '206']	['139', '144', '139', '144', '337', '359']
['TRUST']	['160', '168']	['172', '195']
['FEAR']	['49', '52']	['56', '96']
['FEAR']	['368', '374']	['375', '422']
['OTHER', 'DISGUST']	['192', '199', '192', '199']	['269', '358', '203', '211']
['OTHER', 'TRUST']	['86', '93', '120', '124']	['75', '82', '157', '193']
['SADNESS']	['106', '110']	['163', '219']
['OTHER']	['311', '321']	['268', '285']
['SADNESS']	['619', '626']	['593', '602']
['TRUST', 'TRUST']	['152', '161', '304', '321']	['184', '302', '184', '302']
['ANTICIPATION']	['77', '85']	['50', '66']
['ANTICIPATION']	['243', '252']	['265', '294']
['SURPRISE', 'SURPRISE']	['122', '130', '106', '130']	['146', '164', '146', '164']
['TRUST']	['152', '159']	['160', '163']
['OTHER']	['295', '300']	['247', '267']
['OTHER']	['103', '112']	['114', '216']
['DISGUST']	['341', '348']	['281', '288']
['DISGUST']	['110', '118']	['119', '127']
['JOY']	['304', '313']	['240', '313']
['FEAR']	['54', '63']	['98', '118']
['FEAR']	['101', '123']	['0', '86']
['OTHER']	['37', '43']	['8', '20']
['TRUST']	['43', '48']	['54', '95']
['TRUST']	['45', '49']	['50', '52']
['OTHER', 'SURPRISE', 'JOY', 'OTHER']	['133', '142', '133', '142', '216', '221', '216', '221']	['235', '285', '159', '208', '159', '208', '235', '285']
['OTHER']	['215', '218']	['160', '176']
['ANTICIPATION']	['46', '56']	['21', '24']
['ANTICIPATION']	['289', '296']	['297', '341']
['JOY']	['294', '302']	['267', '289']
['FEAR']	['42', '49']	['66', '108']
['JOY']	['169', '183']	['184', '195']
['SURPRISE', 'ANGER']	['32', '40', '81', '88']	['90', '186', '90', '186']
['SURPRISE']	['31', '37']	['41', '54']
['OTHER', 'SURPRISE']	['120', '129', '120', '129']	['73', '111', '145', '152']
['DISGUST']	['231', '244']	['116', '153']
['SURPRISE']	['150', '159']	['180', '238']
['FEAR']	['304', '313']	['420', '425']
['ANTICIPATION']	['134', '138']	['139', '182']
['TRUST']	['131', '139']	['140', '157']
['ANTICIPATION']	['53', '63']	['12', '15']
['JOY']	['647', '664']	['668', '675']
['TRUST']	['184', '189']	['193', '202']
['SURPRISE', 'OTHER']	['197', '205', '197', '205']	['69', '139', '207', '244']
['TRUST', 'ANGER']	['81', '91', '114', '119']	['97', '119', '123', '180']
['SURPRISE', 'ANTICIPATION']	['259', '267', '251', '255']	['222', '225', '283', '510']
['OTHER']	['218', '224']	['283', '314']
['OTHER', 'DISGUST', 'FEAR']	['153', '157', '209', '217', '153', '157']	['88', '105', '128', '141', '128', '141']
['JOY', 'OTHER', 'FEAR']	['251', '258', '222', '229', '272', '298']	['160', '171', '204', '207', '230', '244']
['FEAR']	['127', '135']	['136', '173']
['FEAR']	['170', '175']	['109', '144']
['SURPRISE']	['11', '20']	['59', '79']
['SADNESS', 'ANGER']	['91', '96', '115', '123']	['130', '132', '130', '132']
['ANTICIPATION', 'OTHER']	['45', '55', '50', '55']	['56', '74', '76', '101']
['DISGUST']	['29', '37']	['38', '44']
['FEAR']	['68', '75']	['51', '60']
['TRUST']	['25', '29']	['30', '64']
['JOY']	['107', '112']	['76', '91']
['OTHER', 'TRUST']	['262', '269', '301', '314']	['273', '288', '318', '330']
['FEAR']	['95', '101']	['102', '121']
['DISGUST']	['214', '223']	['224', '235']
['TRUST']	['111', '133']	['100', '110']
['JOY']	['88', '96']	['109', '176']
['OTHER', 'JOY']	['62', '86', '62', '86']	['15', '49', '88', '93']
['OTHER', 'SURPRISE']	['103', '110', '196', '206']	['85', '102', '207', '216']
['JOY']	['102', '107']	['19', '98']
['OTHER']	['116', '142']	['11', '37']
['TRUST']	['58', '86']	['25', '36']
['FEAR']	['103', '110']	['150', '177']
['JOY', 'OTHER', 'TRUST']	['199', '204', '199', '204', '379', '386']	['137', '167', '229', '263', '353', '359']
['ANTICIPATION']	['25', '31']	['48', '62']
['ANTICIPATION']	['69', '76']	['81', '99']
['ANGER']	['391', '419']	['441', '443']
['SURPRISE']	['141', '149']	['125', '127']
['OTHER']	['156', '162']	['163', '174']
['TRUST']	['172', '213']	['165', '167']
['TRUST', 'SADNESS', 'ANGER', 'SURPRISE']	['195', '198', '414', '422', '334', '345', '319', '325']	['214', '233', '214', '233', '214', '233', '214', '233']
['FEAR', 'FEAR']	['338', '351', '356', '366']	['378', '472', '378', '472']
['FEAR']	['78', '92']	['49', '72']
['TRUST']	['355', '364']	['341', '404']
['DISGUST']	['238', '243']	['247', '255']
['JOY', 'TRUST']	['143', '151', '206', '211']	['157', '164', '212', '275']
['DISGUST', 'DISGUST']	['58', '68', '106', '116']	['69', '88', '117', '137']
['TRUST']	['139', '143']	['85', '128']
['SURPRISE']	['50', '74']	['105', '123']
['TRUST']	['88', '107']	['27', '29']
['TRUST']	['77', '85']	['147', '152']
['DISGUST']	['131', '139']	['15', '24']
['SURPRISE']	['517', '528']	['433', '489']
['OTHER', 'DISGUST', 'OTHER']	['166', '180', '195', '199', '195', '199']	['107', '136', '139', '143', '200', '204']
['OTHER']	['152', '189']	['118', '132']
['SADNESS']	['76', '83']	['104', '154']
['OTHER', 'SADNESS']	['210', '219', '210', '219']	['193', '206', '245', '254']
['DISGUST']	['37', '43']	['44', '57']
['SURPRISE']	['144', '149']	['153', '183']
['OTHER']	['142', '152']	['138', '141']
['ANGER']	['137', '162']	['179', '191']
['DISGUST']	['155', '159']	['190', '200']
['JOY']	['578', '582']	['535', '564']
['TRUST']	['77', '81']	['137', '146']
['TRUST']	['155', '162']	['163', '247']
['SADNESS']	['72', '78']	['55', '68']
['SADNESS']	['63', '72']	['85', '109']
['FEAR', 'OTHER']	['304', '311', '304', '311']	['171', '175', '312', '375']
['DISGUST']	['315', '321']	['252', '287']
['SURPRISE']	['66', '75']	['76', '96']
['SURPRISE']	['78', '86']	['58', '101']
['SURPRISE']	['75', '84']	['88', '112']
['TRUST']	['140', '144']	['145', '185']
['SADNESS', 'ANGER']	['67', '74', '91', '102']	['35', '50', '106', '111']
['SADNESS']	['130', '138']	['48', '99']
['TRUST']	['201', '207']	['208', '211']
['JOY']	['67', '74']	['75', '124']
['DISGUST']	['465', '470']	['471', '509']
['ANGER']	['122', '127']	['133', '135']
['ANGER']	['164', '170']	['122', '138']
['JOY']	['138', '144']	['94', '105']
['ANTICIPATION']	['117', '125']	['87', '104']
['OTHER']	['110', '130']	['137', '161']
['OTHER']	['58', '61']	['191', '214']
['ANTICIPATION']	['63', '69']	['70', '98']
['ANGER']	['193', '198']	['145', '167']
['OTHER', 'JOY', 'ANTICIPATION', 'OTHER']	['82', '86', '82', '86', '103', '113', '103', '113']	['132', '260', '90', '93', '90', '93', '132', '260']
['ANGER']	['27', '35']	['36', '46']
['ANGER']	['267', '274']	['214', '245']
['OTHER', 'ANGER', 'ANTICIPATION', 'ANGER']	['96', '103', '73', '79', '96', '103', '96', '103']	['0', '29', '0', '29', '80', '83', '80', '83']
['JOY']	['191', '199']	['91', '115']
['OTHER', 'OTHER']	['379', '390', '529', '553']	['370', '404', '561', '582']
['SADNESS', 'TRUST']	['120', '126', '146', '156']	['160', '170', '160', '170']
['SURPRISE']	['187', '195']	['199', '252']
['JOY', 'ANTICIPATION']	['105', '132', '93', '100']	['90', '92', '136', '153']
['OTHER']	['76', '80']	['57', '61']
['OTHER']	['87', '97']	['98', '130']
['JOY']	['43', '56']	['16', '19']
['SURPRISE', 'TRUST']	['265', '268', '304', '308']	['327', '351', '312', '316']
['JOY', 'OTHER']	['112', '116', '86', '90']	['84', '85', '107', '116']
['OTHER']	['265', '269']	['230', '236']
['ANGER']	['215', '219']	['184', '204']
['SURPRISE']	['370', '378']	['414', '439']
['ANTICIPATION', 'OTHER']	['169', '176', '169', '176']	['177', '200', '177', '200']
['FEAR', 'FEAR']	['286', '298', '268', '280']	['223', '262', '223', '262']
['SADNESS']	['51', '133']	['1', '48']
['ANTICIPATION']	['75', '79']	['80', '95']
['SURPRISE', 'FEAR']	['37', '43', '44', '49']	['51', '76', '51', '76']
['JOY']	['170', '175']	['142', '155']
['ANTICIPATION']	['105', '114']	['94', '104']
['FEAR']	['269', '277']	['281', '297']
['ANGER']	['27', '34']	['53', '66']
['TRUST', 'OTHER']	['178', '182', '178', '182']	['122', '157', '186', '212']
['DISGUST']	['257', '265']	['236', '256']
['SADNESS']	['196', '201']	['160', '178']
['ANTICIPATION', 'JOY', 'JOY', 'JOY']	['296', '303', '311', '336', '397', '400', '374', '378']	['355', '382', '355', '382', '351', '354', '351', '354']
['TRUST']	['304', '309']	['310', '321']
['JOY', 'JOY']	['113', '121', '156', '176']	['140', '153', '140', '153']
['OTHER']	['147', '154']	['67', '92']
['OTHER', 'SADNESS']	['342', '346', '342', '346']	['373', '421', '349', '371']
['ANTICIPATION']	['395', '403']	['320', '377']
['SADNESS']	['152', '155']	['134', '142']
['SURPRISE', 'FEAR']	['84', '92', '175', '191']	['198', '217', '198', '217']
['FEAR']	['104', '131']	['0', '98']
['OTHER']	['88', '97']	['184', '244']
['JOY', 'DISGUST']	['370', '376', '499', '508']	['317', '328', '449', '483']
['SURPRISE']	['61', '73']	['77', '104']
['ANGER']	['64', '72']	['76', '86']
['FEAR']	['94', '100']	['101', '136']
['DISGUST']	['390', '412']	['363', '365']
['FEAR']	['134', '144']	['127', '133']
['DISGUST']	['242', '248']	['160', '231']
['OTHER']	['85', '95']	['69', '73']
['FEAR']	['23', '30']	['31', '93']
['JOY', 'SURPRISE']	['50', '97', '50', '71']	['34', '38', '34', '38']
['JOY']	['46', '67']	['82', '102']
['OTHER', 'OTHER']	['231', '237', '200', '205']	['134', '183', '134', '183']
['TRUST']	['111', '115']	['116', '131']
['OTHER', 'FEAR']	['343', '362', '343', '362']	['280', '314', '368', '416']
['TRUST']	['175', '191']	['68', '83']
['JOY']	['367', '377']	['345', '357']
['JOY']	['178', '186']	['88', '120']
['JOY']	['97', '122']	['1', '5']
['JOY']	['105', '111']	['129', '142']
['ANTICIPATION']	['120', '127']	['131', '164']
['SURPRISE']	['232', '241']	['259', '304']
['SURPRISE']	['34', '49']	['51', '99']
['JOY']	['179', '183']	['104', '109']
['SURPRISE']	['308', '316']	['299', '351']
['ANGER']	['29', '37']	['8', '14']
['TRUST']	['13', '18']	['19', '53']
['FEAR', 'SURPRISE', 'SURPRISE']	['261', '269', '187', '193', '149', '155']	['132', '142', '132', '142', '132', '142']
['TRUST']	['86', '91']	['92', '95']
['ANGER']	['138', '154']	['133', '137']
['ANGER']	['192', '204']	['236', '247']
['OTHER']	['405', '411']	['226', '284']
['OTHER', 'SADNESS']	['167', '174', '167', '174']	['196', '206', '179', '182']
['FEAR']	['107', '115']	['87', '106']
['FEAR']	['172', '176']	['177', '209']
['TRUST', 'JOY']	['199', '210', '409', '417']	['271', '281', '421', '482']
['ANTICIPATION']	['175', '184']	['0', '97']
['OTHER', 'ANTICIPATION']	['182', '189', '235', '243']	['248', '264', '248', '264']
['JOY']	['125', '135']	['108', '111']
['SADNESS']	['275', '285']	['220', '261']
['SADNESS']	['132', '136']	['166', '200']
['ANTICIPATION']	['222', '229']	['230', '240']
['SADNESS']	['131', '138']	['146', '178']
['JOY']	['190', '200']	['213', '231']
['TRUST']	['165', '174']	['180', '252']
['ANTICIPATION']	['248', '257']	['266', '273']
['FEAR']	['280', '289']	['290', '293']
['TRUST']	['154', '160']	['164', '189']
['SADNESS', 'OTHER', 'OTHER']	['226', '240', '141', '147', '226', '240']	['72', '118', '151', '169', '192', '213']
['SADNESS']	['102', '108']	['203', '228']
['SADNESS', 'OTHER']	['289', '311', '289', '311']	['201', '253', '318', '377']
['JOY']	['156', '160']	['161', '188']
['ANTICIPATION', 'TRUST']	['305', '311', '275', '283']	['231', '250', '231', '250']
['JOY']	['136', '140']	['155', '160']
['OTHER']	['44', '52']	['56', '68']
['SADNESS', 'OTHER', 'JOY']	['105', '111', '135', '144', '160', '169']	['117', '172', '145', '159', '145', '159']
['TRUST']	['326', '334']	['340', '364']
['FEAR']	['41', '47']	['51', '92']
['SADNESS']	['364', '374']	['383', '415']
['SURPRISE']	['162', '171']	['177', '203']
['JOY']	['95', '101']	['181', '186']
['OTHER']	['151', '155']	['156', '166']
['SURPRISE']	['90', '99']	['101', '115']
['OTHER']	['134', '145']	['130', '133']
['TRUST', 'ANTICIPATION']	['35', '39', '11', '16']	['4', '10', '30', '31']
['TRUST']	['119', '123']	['85', '92']
['TRUST']	['284', '289']	['290', '299']
